date,count,uniques
2026-06-25,136,129
2026-06-26,136,131
2026-06-27,172,163
2026-06-28,138,135
2026-06-29,170,133
2026-06-30,133,124
2026-07-01,82,82
2026-07-02,77,76
2026-07-03,102,98
2026-07-04,282,150
2026-07-05,97,92
2026-07-06,116,106
2026-07-07,134,130
2026-07-08,135,132
2026-07-09,915,287
2026-07-10,952,230
2026-07-11,489,233
2026-07-12,186,181
2026-07-13,142,135
2026-07-14,229,174
2026-07-15,179,173
2026-07-16,158,140
2026-07-17,188,140
2026-07-18,174,162
2026-07-19,139,136
2026-07-20,159,143
2026-07-21,172,159
2026-07-22,140,130
2026-07-23,151,142
2026-07-24,172,167
2026-07-25,136,131
2026-07-26,140,137
2026-07-27,162,154
2026-07-28,137,133
2026-07-29,135,131
2026-07-30,169,163
2026-07-31,136,130
2026-08-01,107,102
2026-08-02,1,1
2026-08-03,2,1
2026-08-04,0,0
2026-08-05,2,2
2026-08-06,1,1
2026-08-07,23,15
2026-08-08,240,194
